"id","filename","category","subject","status","source_url","license","source_page","verified","sha256","notes","photographer"
"df-001","data\images\defibrillator\df-001_defibrillator.jpg","medical_equipment","defibrillator","positive","","Pexels License","https://www.pexels.com/photo/defibrillator-in-hospital-8460235/","true","02d66a536b5a6b457c663b97559a0b00893e7a9ed9691379bd81367e3f9a9c85","High-resolution image of a modern defibrillator in a hospital environment","Los Muertos Crew"
"df-002","data\images\defibrillator\df-002_defibrillator.jpg","medical_equipment","defibrillator","positive","","","","false","35f4d15abe6b0f85fbd1829cb9c668f6b3312a5333a4226ea762d726d039206c","Positive corpus image",""
"df-003","data\images\defibrillator\df-003_defibrillator.jpg","medical_equipment","defibrillator","positive","","Pexels License","https://www.pexels.com/photo/close-up-photo-of-a-defibrillator-8943283/","true","75aa58f2fe50aee08537ece7238a9fcf966564bb9465bcacddc6d7a9ff3c6641","Close-up of a modern medical defibrillator with control buttons and cables","Mikhail Nilov"
"df-004","data\images\defibrillator\df-004_defibrillator.jpg","medical_equipment","defibrillator","positive","","","","false","9732f8041e23723e98b95082bf973ddb0eea85bd93808416add681d322823c73","Positive corpus image",""
"df-005","data\hard_negatives\defibrillator\df-hn-005_cpr-training-mannequin.jpg","medical_equipment","defibrillator","hard_negative","https://images.pexels.com/photos/34104785/pexels-photo-34104785.jpeg","Pexels License","https://www.pexels.com/photo/cpr-training-on-mannequin-with-instructor-34104785/","true","a81873c466067fc39336f0f7fd7fb01c90c8eb1de208950279f8de7cca260651","CPR training scene with mannequin and instructor; defibrillator is not the primary subject","Aleson Padilha"
"df-006","data\images\defibrillator\df-006_defibrillator.jpg","medical_equipment","defibrillator","positive","","","","false","d8ee1322586321bf617dc197219e1280c199ca322c4a3aeebd2cc245a514753f","Positive corpus image",""
"df-007","data\images\defibrillator\df-007_defibrillator.jpg","medical_equipment","defibrillator","positive","","","","false","be4f336259c817b1d7b764e5278ded55dd2a218e49b0f4ad373800bd742d38ad","Positive corpus image",""
"df-008","data\images\defibrillator\df-008_defibrillator.jpg","medical_equipment","defibrillator","positive","","","","false","a05fd9fb0b3b3681deba60bb977abb416bce41228290984302a7491dd11234d0","Positive corpus image",""
"df-009","data\images\defibrillator\df-009_defibrillator.jpg","medical_equipment","defibrillator","positive","","","","false","caeff987e523fd13a8275a8899148d1ce3bd4e538a462a99cb4480c114bbc702","Positive corpus image",""
"df-010","data\images\defibrillator\df-010_defibrillator.jpg","medical_equipment","defibrillator","positive","","","","false","076f6692a459706f632d271901bbf23fa19a03dd26aa064531ef0be5564e11f4","Positive corpus image",""
"df-011","data\images\defibrillator\df-011_defibrillator.png","medical_equipment","defibrillator","positive","","","","false","daed99a0b9baee25d5ec6084d1d6d044e0a640dc6bbf15bef3815ae1c4b30009","Positive corpus image",""
"df-hn-001","data\hard_negatives\defibrillator\df-hn-001_mechanical-ventilator.jpg","medical_equipment","defibrillator","hard_negative","","","","false","95d57c6c1c9cd83158e9fcbf9e41b000b048b6d314c626d83a7c987af154ea36","Hard negative for defibrillator",""
"df-hn-002","data\hard_negatives\defibrillator\df-hn-002_anesthesia-workstation.jpg","medical_equipment","defibrillator","hard_negative","","","","false","21914c04a21a0c3bf1556ced7f4685351c499d88a8622ea2d34afa91a563138c","Hard negative for defibrillator",""
"df-hn-003","data\hard_negatives\defibrillator\df-hn-003_anesthesia-workstation.jpg","medical_equipment","defibrillator","hard_negative","","","","false","fae41f55e98a2ac58d47e523e0efe0289ead81dc2516cde56a385052121010f1","Hard negative for defibrillator",""
"df-hn-004","data\hard_negatives\defibrillator\df-hn-004_ecg-machine.jpg","medical_equipment","defibrillator","hard_negative","","","","false","e167265889edb8ad39acbee042f76a45e810e60850555e71e4f9e21df15ff813","Hard negative for defibrillator",""
"hb-001","data\images\hospital_bed\hb-001_hospital-bed.jpg","medical_equipment","hospital_bed","positive","","","","false","90b8fb3b5d2538f477cc5fe47316224195f005cb4a1e0db7c98f9eaf01f51c6e","Positive corpus image",""
"hb-002","data\images\hospital_bed\hb-002_hospital-bed.jpg","medical_equipment","hospital_bed","positive","","","","false","7c6a7e4e4152e73ccc11ce52b1e60545bc9adecc4175d0ccdc6c91bff665614d","Positive corpus image",""
"hb-003","data\images\hospital_bed\hb-003_hospital-bed.jpg","medical_equipment","hospital_bed","positive","","","","false","ae6532bb4bc887d48b453ed9705dfd555b9f2385c5f1c63e26f46fecfd09fa8b","Positive corpus image",""
"hb-004","data\images\hospital_bed\hb-004_hospital-bed.jpg","medical_equipment","hospital_bed","positive","","","","false","bb3c8bd20814719b24016f6f3a31f8601fdef77fdd9fd378179367b1cedc1dc4","Positive corpus image",""
"hb-005","data\images\hospital_bed\hb-005_hospital-bed.jpg","medical_equipment","hospital_bed","positive","","","","false","24fc4d979c0e86a21dd427893633b35d3e1f66fbf614edcee3756dd6b7d6caf9","Positive corpus image",""
"hb-006","data\images\hospital_bed\hb-006_hospital-bed.jpg","medical_equipment","hospital_bed","positive","","","","false","4bc8b1b2ffa5ad1d707e610b5c99cc2ed81f1fd38f115ad2236d153eef65c976","Positive corpus image",""
"hb-007","data\images\hospital_bed\hb-007_hospital-bed.jpg","medical_equipment","hospital_bed","positive","","","","false","d4f990172ca4856e206947d92a1f2d7a984be7af2cc9e3cdac1db18a2ce174c5","Positive corpus image",""
"hb-008","data\images\hospital_bed\hb-008_hospital-bed.jpg","medical_equipment","hospital_bed","positive","","","","false","bb46f0199552b1863b12e3bc45f8961dffb090fe67d6ede6ea1e8cb1db8e5159","Positive corpus image",""
"hb-009","data\images\hospital_bed\hb-009_hospital-bed.jpg","medical_equipment","hospital_bed","positive","","","","false","7b117088f9119459b5462ab5e121c47c46316e1e1a70caf1f04abc4eb3a4c881","Positive corpus image",""
"hb-010","data\images\hospital_bed\hb-010_hospital-bed.jpg","medical_equipment","hospital_bed","positive","","","","false","972c1aa5284dbed1798ec8efb7e5bb207cd99e47688eddd53948c2bac6e0d132","Positive corpus image",""
"hb-011","data\images\hospital_bed\hb-011_hospital-bed.jpg","medical_equipment","hospital_bed","positive","","","","false","4bace5dedbde018c184d1de9b1f35214e4a587a6a7ae172d84ab17b12fa4e143","Positive corpus image",""
"hb-012","data\images\hospital_bed\hb-012_hospital-bed.jpg","medical_equipment","hospital_bed","positive","","","","false","456679f7a479236f307e195a8159e884b6fd78343f48d37747d93d64371b3be2","Positive corpus image",""
"pm-001","data\images\patient_monitor\pm-001_patient-monitor.jpg","medical_equipment","patient_monitor","positive","https://images.pexels.com/photos/5875565/pexels-photo-5875565.jpeg","Pexels License","https://www.pexels.com/photo/ecg-monitor-in-hospital-5875565/","true","77d7b138d416d3a2f6af27f8461d943e239e6a35c3055a4190809e765ce87bf5","ECG/heart-rate monitor in hospital room","Dalila Dalprat"
"pm-002","data\images\patient_monitor\pm-002_patient-monitor.jpg","medical_equipment","patient_monitor","positive","https://images.pexels.com/photos/3844581/pexels-photo-3844581.jpeg","Pexels License","https://www.pexels.com/photo/medical-equipment-on-an-operation-room-3844581/","true","f4293fd8117b7ccbbfaecbd868ce6e5454aaa1319ef8adab4bd4e36fd8a8a83b","Vital signs monitor in operating room","Anna Shvets"
"pm-003","data\images\patient_monitor\pm-003_patient-monitor.jpg","medical_equipment","patient_monitor","positive","https://images.pexels.com/photos/4483339/pexels-photo-4483339.jpeg","Pexels License","https://www.pexels.com/photo/ecg-monitor-behind-doctor-looking-at-patient-4483339/","true","2e80fa9ed8ae9ccd27667dae9e65c7609b6fccaf7c5788bc7b268e40186e671f","Doctor using ECG monitor; clinician-in-frame","Anna Shvets"
"pm-004","data\images\patient_monitor\pm-004_patient-monitor.jpg","medical_equipment","patient_monitor","positive","https://images.pexels.com/photos/3845129/pexels-photo-3845129.jpeg","Pexels License","https://www.pexels.com/photo/heart-rate-monitor-3845129/","true","6f1dcbd999aaf31416233b01abfde1f4df53b3c95c70e0e3aa3609fb46da9074","Heart rate monitor in sterile setting","Anna Shvets"
"pm-005","data\images\patient_monitor\pm-005_patient-monitor.jpg","medical_equipment","patient_monitor","positive","https://images.pexels.com/photos/11198232/pexels-photo-11198232.jpeg","Pexels License","https://www.pexels.com/photo/vital-signs-monitor-in-close-up-photography-11198232/","true","897bfed55a7e8fd485ab57d2c5a0452daf89a133b53d358436788ed5ced8c3e4","Close-up vital signs monitor","CARLOSCRUZ ARTEGRAFIA"
"pm-006","data\images\patient_monitor\pm-006_patient-monitor.jpg","medical_equipment","patient_monitor","positive","https://images.pexels.com/photos/9408869/pexels-photo-9408869.jpeg","Pexels License","https://www.pexels.com/photo/shallow-focus-of-electrocardiogram-9408869/","true","d7d6dbc5d8754f1bce4e9c4e39b676264dc541c27fee8fb43a8a37634ddb38fc","ECG machine displaying heart rate","Stephen Andrews"
"pm-007","data\images\patient_monitor\pm-007_patient-monitor.jpg","medical_equipment","patient_monitor","positive","https://images.pexels.com/photos/9408868/pexels-photo-9408868.jpeg","Pexels License","https://www.pexels.com/photo/professional-electrocardiogram-monitor-9408868/","true","2987590b4385e0503e1f4a1666cfa184efb53336be991b579a23a23f5a7d0ac9","Advanced medical monitor displaying ECG data","Stephen Andrews"
"pm-008","data\images\patient_monitor\pm-008_patient-monitor.jpg","medical_equipment","patient_monitor","positive","https://images.pexels.com/photos/10987487/pexels-photo-10987487.jpeg","Pexels License","https://www.pexels.com/photo/a-white-medical-equipment-10987487/","true","64f787a9f00822e3b56d2e7dd56d894f4931f995d9ec47353ca1e46d02b67e3e","Patient in bed with heart monitor","Кайрат Сатдиков"
"pm-009","data\images\patient_monitor\pm-009_patient-monitor.jpg","medical_equipment","patient_monitor","positive","https://images.pexels.com/photos/6129683/pexels-photo-6129683.jpeg","Pexels License","https://www.pexels.com/photo/nurse-looking-at-a-monitor-6129683/","true","01bd1d297402e1cb420fff6b189199f5fa9ff0597bbcec2ae183966f7f83459d","Nurse examining medical monitor; human-element diversity","RDNE Stock project"
"pm-010","data\images\patient_monitor\pm-010_patient-monitor.jpg","medical_equipment","patient_monitor","positive","https://images.pexels.com/photos/36614082/pexels-photo-36614082.jpeg","Pexels License","https://www.pexels.com/photo/hospital-monitor-with-iv-drip-in-cebu-city-clinic-36614082/","true","48d216899583c8998c769dd75292e0b4ad695c744b7d01d6956bec305c8b85d9","Hospital monitor with IV drip in Cebu City clinic; geographic diversity","Arthur Uzoagba"
"pm-hn-001","data\hard_negatives\patient_monitor\pm-hn-001_fetal-monitor.jpg","medical_equipment","patient_monitor","hard_negative","","","","false","e84c14f3a2bac1d3239d38e2350e3aa24e1efacad4ee07ba9b8eb5ef3c7ac8b0","Hard negative for patient_monitor",""
"pm-hn-002","data\hard_negatives\patient_monitor\pm-hn-002_ecg-machine.jpg","medical_equipment","patient_monitor","hard_negative","","","","false","2499f055cf3236736f0a8d9464fd0721b55e45f7abdaea2876e746fbd0834898","Hard negative for patient_monitor",""
"pm-hn-003","data\hard_negatives\patient_monitor\pm-hn-003_anesthesia-workstation.jpg","medical_equipment","patient_monitor","hard_negative","","","","false","4297a6ed46f426790144060b58ceb2bc5963e25dcb15f344f5b37201c20aacd1","Hard negative for patient_monitor",""
"pm-hn-004","data\hard_negatives\patient_monitor\pm-hn-004_mechanical-ventilator.jpg","medical_equipment","patient_monitor","hard_negative","","","","false","2b1d7c18e2c1e3136f1ed94366eb8b36bb0036d9f6b3e231b82875250eb53ed1","Hard negative for patient_monitor",""
"pm-hn-005","data\hard_negatives\patient_monitor\pm-hn-005_fetal-monitor.jpg","medical_equipment","patient_monitor","hard_negative","","","","false","196ff728cf03a0781be7c44efb9b234e14c8d5412297d8f118e5b086f25bc391","Hard negative for patient_monitor",""
"pm-hn-006","data\hard_negatives\patient_monitor\pm-hn-006_fetal-monitor.jpg","medical_equipment","patient_monitor","hard_negative","","","","false","8c999d2c3f9501a0848157b748e458b975f47d04899b05081d3d01c6e87c4916","Hard negative for patient_monitor",""
"pm-hn-007","data\hard_negatives\patient_monitor\pm-hn-007_fetal-monitor.jpg","medical_equipment","patient_monitor","hard_negative","","","","false","156f48e1afe92333bac277716e2bda78f638172dd07e4736e8e743a4516630a8","Hard negative for patient_monitor",""
"st-001","data\images\sterilizer\st-001_sterilizer.jpg","medical_equipment","sterilizer","positive","","","","false","f6d92b4dafc69855abcde885ab6b6751c2dd26b84ef320b99c005d09093ec2ac","Positive corpus image",""
"st-002","data\images\sterilizer\st-002_sterilizer.jpg","medical_equipment","sterilizer","positive","","","","false","3ba3cdc165f30440212996c6ebfe9faf486dabbb03f03fb7e91a85c89297c350","Positive corpus image",""
"st-003","data\images\sterilizer\st-003_sterilizer.jpg","medical_equipment","sterilizer","positive","","","","false","72b23b871fcf3a0939178b9b96498d8cf2c7fb04a9bfd6467063bf147ddff950","Positive corpus image",""
"st-004","data\images\sterilizer\st-004_sterilizer.jpg","medical_equipment","sterilizer","positive","","","","false","9433b49aaba41377f686edceadd25c33819972b3f5bfc28a47450237430bb827","Positive corpus image",""
"st-005","data\images\sterilizer\st-005_sterilizer.jpg","medical_equipment","sterilizer","positive","","","","false","a27ab241622ffac832c2e9fb42f98dc62f64e61c3c2f3fb77400a45fab2e1b60","Positive corpus image",""
"st-006","data\images\sterilizer\st-006_sterilizer.jpg","medical_equipment","sterilizer","positive","","","","false","563e6ff66c8e3fae871825f037a506d16d78aea9cf761e06499f9d93295b9048","Positive corpus image",""
"st-007","data\images\sterilizer\st-007_sterilizer.jpg","medical_equipment","sterilizer","positive","","","","false","756ea9fb62eecd3a01fdf128d51e788f7094d6ad8392fdf503a6f145eb5d4462","Positive corpus image",""
"st-008","data\images\sterilizer\st-008_sterilizer.jpg","medical_equipment","sterilizer","positive","","","","false","2f20005af5b4108d515dfdf372e684e066645257569da26a18656aebb3bf3241","Positive corpus image",""
"st-009","data\images\sterilizer\st-009_sterilizer.jpg","medical_equipment","sterilizer","positive","","","","false","f2f71e11dee8a4a3949c58e979ca170e47708fba9460f62e032be64c586c536d","Positive corpus image",""
"st-010","data\images\sterilizer\st-010_sterilizer.jpg","medical_equipment","sterilizer","positive","","","","false","3d38234ed197bde8f592624fbab49b49c9d987ac97baa0cb5e3282ba44caff20","Positive corpus image",""
"st-011","data\images\sterilizer\st-011_sterilizer.jpg","medical_equipment","sterilizer","positive","","","","false","4ded56f86ff10bcac9f23564a13d5be0091aa891c568e82a24faca1caa7740ca","Positive corpus image",""
"st-012","data\images\sterilizer\st-012_sterilizer.jpg","medical_equipment","sterilizer","positive","","","","false","42240507b3c6dd9e2b555e7265fe1e49ee9fbd4781662156ca292bc2f6e7f3ca","Positive corpus image",""
