"id","filename","found","license","license_url","artist","credit","usage_terms","source_page"
"st-010","Sterilizer Getinge HS11k3 IMG 0569.JPG","true","CC BY-SA 3.0","https://creativecommons.org/licenses/by-sa/3.0","Bjoertvedt","Own work","Creative Commons Attribution-Share Alike 3.0","https://commons.wikimedia.org/wiki/File%3ASterilizer%20Getinge%20HS11k3%20IMG%200569.JPG"
"hb-007","Intensivstation (01) 2007-03-03.jpg","true","CC BY-SA 2.5","https://creativecommons.org/licenses/by-sa/2.5","Norbert Kaiser","Self-photographed","Creative Commons Attribution-Share Alike 2.5","https://commons.wikimedia.org/wiki/File%3AIntensivstation%20(01)%202007-03-03.jpg"
"hb-003","Betabed Alternating Pressure Pad System.JPG","true","CC BY-SA 3.0","https://creativecommons.org/licenses/by-sa/3.0","BrokenSphere","Own work","Creative Commons Attribution-Share Alike 3.0","https://commons.wikimedia.org/wiki/File%3ABetabed%20Alternating%20Pressure%20Pad%20System.JPG"
"hb-006","Hospital bed for patients.jpg","true","CC0","http://creativecommons.org/publicdomain/zero/1.0/deed.en","Fatimah Bello","Own work","Creative Commons Zero, Public Domain Dedication","https://commons.wikimedia.org/wiki/File%3AHospital%20bed%20for%20patients.jpg"
"df-009","Defibrillator Monitor.jpg","true","CC BY-SA 2.5","https://creativecommons.org/licenses/by-sa/2.5","Ernstl","Own work","Creative Commons Attribution-Share Alike 2.5","https://commons.wikimedia.org/wiki/File%3ADefibrillator%20Monitor.jpg"
"hb-010","Patient room with hospital bed.jpg","true","Public domain","","Diane A. Reid (Photographer)","This image was released by the National Cancer Institute, an agency part of the National Institutes of Health, with the ID 3860 (image) (next).","Public domain","https://commons.wikimedia.org/wiki/File%3APatient%20room%20with%20hospital%20bed.jpg"
"st-003","Autoclaves; from a medical laboratory in Abuja, Nigeria.jpg","true","CC0","http://creativecommons.org/publicdomain/zero/1.0/deed.en","Frankincense Diala","Own work","Creative Commons Zero, Public Domain Dedication","https://commons.wikimedia.org/wiki/File%3AAutoclaves%3B%20from%20a%20medical%20laboratory%20in%20Abuja%2C%20Nigeria.jpg"
"st-006","Internationale Dental-Schau IDS 2009 Cologne 027.JPG","true","GPL","http://www.gnu.org/licenses/gpl.html","Sterilgutassistentin","Own work","GNU General Public License","https://commons.wikimedia.org/wiki/File%3AInternationale%20Dental-Schau%20IDS%202009%20Cologne%20027.JPG"
"st-009","Sterilisator.JPG","true","CC BY-SA 3.0","https://creativecommons.org/licenses/by-sa/3.0","Bernard bill5 at nl.wikipedia","eigen foto","Creative Commons Attribution-Share Alike 3.0","https://commons.wikimedia.org/wiki/File%3ASterilisator.JPG"
"st-012","Systec H-Series Autoclaves.jpg","true","CC BY-SA 4.0","https://creativecommons.org/licenses/by-sa/4.0","Foto Studio Wiegand","Template:Frank Wiegand","Creative Commons Attribution-Share Alike 4.0","https://commons.wikimedia.org/wiki/File%3ASystec%20H-Series%20Autoclaves.jpg"
"st-004","Autoklav2.JPG","true","Public domain","","kOchstudiO","Own work (Original text: eigene Aufnahme)","Public domain","https://commons.wikimedia.org/wiki/File%3AAutoklav2.JPG"
"st-011","SterisRennaisance3011.jpg","true","CC BY-SA 4.0","https://creativecommons.org/licenses/by-sa/4.0","PeterEasthope","Own work","Creative Commons Attribution-Share Alike 4.0","https://commons.wikimedia.org/wiki/File%3ASterisRennaisance3011.jpg"
"hb-005","Hospital Bed 2011 CPR.JPG","true","CC0","http://creativecommons.org/publicdomain/zero/1.0/deed.en","Blogotron","Own work","Creative Commons Zero, Public Domain Dedication","https://commons.wikimedia.org/wiki/File%3AHospital%20Bed%202011%20CPR.JPG"
"df-011","Modern AED Automated external defibrillator.png","true","CC0","http://creativecommons.org/publicdomain/zero/1.0/deed.en","VoLid27","Own work","Creative Commons Zero, Public Domain Dedication","https://commons.wikimedia.org/wiki/File%3AModern%20AED%20Automated%20external%20defibrillator.png"
"hb-004","Hill-Rom hospital bed.JPG","true","CC BY-SA 3.0","https://creativecommons.org/licenses/by-sa/3.0","BrokenSphere","Own work","Creative Commons Attribution-Share Alike 3.0","https://commons.wikimedia.org/wiki/File%3AHill-Rom%20hospital%20bed.JPG"
"st-001","2003-12-03-Auto-und-Chemiclav-1.jpg","true","CC BY-SA 3.0","https://creativecommons.org/licenses/by-sa/3.0","R-E-AL (talk | contribs | Gallery)??(German Wikipedia)","This Photo has been taken with a Casio Exilim EX-Z3 camera.","Creative Commons Attribution-Share Alike 3.0","https://commons.wikimedia.org/wiki/File%3A2003-12-03-Auto-und-Chemiclav-1.jpg"
"df-007","Automated External Defibrillator Amsterdam airport.jpg","true","CC BY-SA 3.0","http://creativecommons.org/licenses/by-sa/3.0/","Stevenfruitsmaak","Own work","Creative Commons Attribution-Share Alike 3.0","https://commons.wikimedia.org/wiki/File%3AAutomated%20External%20Defibrillator%20Amsterdam%20airport.jpg"
"st-005","Hospital autoclave.jpg","true","CC BY-SA 4.0","https://creativecommons.org/licenses/by-sa/4.0","Microrao","Own work","Creative Commons Attribution-Share Alike 4.0","https://commons.wikimedia.org/wiki/File%3AHospital%20autoclave.jpg"
"st-007","Melag Autoclave 01.JPG","true","GPL","http://www.gnu.org/licenses/gpl.html","Sterilgutassistentin","Own work","GNU General Public License","https://commons.wikimedia.org/wiki/File%3AMelag%20Autoclave%2001.JPG"
"df-008","Defibrillator (UOMZ).jpg","true","CC BY-SA 3.0","https://creativecommons.org/licenses/by-sa/3.0","???? ???????? ????????? (Yury Masloboev / Yury Petrovich Masloboev)","The photo was taken in Biomedical Systems Department of MIET","Creative Commons Attribution-Share Alike 3.0","https://commons.wikimedia.org/wiki/File%3ADefibrillator%20(UOMZ).jpg"
"hb-011","Stryker Hospital bed in Out patient clinic.jpg","true","CC BY-SA 4.0","https://creativecommons.org/licenses/by-sa/4.0","Peachyeung316","Own work","Creative Commons Attribution-Share Alike 4.0","https://commons.wikimedia.org/wiki/File%3AStryker%20Hospital%20bed%20in%20Out%20patient%20clinic.jpg"
"df-010","Defibrillator monitor Lifepak 12.jpg","true","CC BY 3.0","https://creativecommons.org/licenses/by/3.0","P?ll?","Own work","Creative Commons Attribution 3.0","https://commons.wikimedia.org/wiki/File%3ADefibrillator%20monitor%20Lifepak%2012.jpg"
"st-002","Autoclave Prestige Medical Omega from side.jpg","true","CC BY-SA 3.0","https://creativecommons.org/licenses/by-sa/3.0","Juan de Vojn?kov","Own work","Creative Commons Attribution-Share Alike 3.0","https://commons.wikimedia.org/wiki/File%3AAutoclave%20Prestige%20Medical%20Omega%20from%20side.jpg"
"st-008","Melag Autoclave 02.JPG","true","GPL","http://www.gnu.org/licenses/gpl.html","Sterilgutassistentin","Own work","GNU General Public License","https://commons.wikimedia.org/wiki/File%3AMelag%20Autoclave%2002.JPG"
"hb-002","Aufstehbett-1.jpg","true","CC BY-SA 3.0","https://creativecommons.org/licenses/by-sa/3.0","B?ke-14","Own work","Creative Commons Attribution-Share Alike 3.0","https://commons.wikimedia.org/wiki/File%3AAufstehbett-1.jpg"
"st-013","Autoclave_door.jpg","true","Public domain","https://creativecommons.org/publicdomain/mark/1.0/","Diane A. Reid","National Cancer Institute / National Institutes of Health","Public domain; freely reusable","https://commons.wikimedia.org/wiki/File%3AAutoclave_door.jpg"
"st-014","US_Navy_100325-N-6326B-017_Hospital_Corpsman_3rd_Class_Daniel_Lopez_removes_heat_purified_dental_tools_from_an_autoclave.jpg","true","Public domain","https://creativecommons.org/publicdomain/mark/1.0/","U.S. Navy photo by Mass Communication Specialist 3rd Class Jake Berenguer","U.S. Navy","Public domain U.S. federal government work","https://commons.wikimedia.org/wiki/File%3AUS_Navy_100325-N-6326B-017_Hospital_Corpsman_3rd_Class_Daniel_Lopez_removes_heat_purified_dental_tools_from_an_autoclave.jpg"
